symbol,date,open,high,low,close,volume,adjclose,dividends,splits,sma25,sma50,sma100,pc_sma25_by_close,pc_sma50_by_close,pc_sma25_by_sma100,mean_of_sma50_by_close_last_5_days
mrna,2023-02-27 11:20:59-05:00,139.52000427246094,140.74600219726562,136.72000122070312,138.05999755859375,2136815,138.05999755859375,0.0,0.0,171.84239990234374,181.03579956054688,168.98709953308105,-19.65894468591464,-23.738841768464695,7.129952558956824,-18.644916268693656
nem,2023-02-27 11:20:53-05:00,43.709999084472656,43.93000030517578,43.11000061035156,43.244998931884766,1761878,43.244998931884766,0.0,0.0,49.01019958496094,49.4204997253418,46.515295066833495,-11.763267038082532,-12.495828305617811,6.245697580406801,-11.015854430449162
adbe,2023-02-27 11:20:35-05:00,322.0199890136719,325.0849914550781,320.7300109863281,322.875,1412873,322.875,0.0,0.0,365.24620239257814,351.9167022705078,334.3169500732422,-11.60072359822546,-8.252436466679642,5.264391229164379,-4.280682569137345
nws,2023-02-27 11:19:57-05:00,17.6299991607666,17.68000030517578,17.545000076293945,17.549999237060547,147081,17.549999237060547,0.0,0.0,19.77880012512207,19.293200035095214,18.403499965667724,-11.26863547819875,-9.035311896749661,4.834406885034111,-7.801752013014253
nwsa,2023-02-27 11:20:58-05:00,17.549999237060547,17.549999237060547,17.3799991607666,17.405000686645508,477170,17.405000686645508,0.0,0.0,19.575,19.05509998321533,18.156549949645996,-11.085564819180034,-8.659620248769686,4.948902936192761,-7.513190728178119
mhk,2023-02-27 11:20:25-05:00,105.30000305175781,105.80000305175781,103.94999694824219,104.27999877929688,100311,104.27999877929688,0.0,0.0,116.69879974365234,111.5736001586914,104.82730003356933,-10.641755520738311,-6.537031492235461,6.435632819849102,-4.85434035912016
etsy,2023-02-27 11:20:34-05:00,123.83999633789062,124.4000015258789,119.76000213623047,121.41000366210938,1403349,121.41000366210938,0.0,0.0,135.83919891357422,131.01199951171876,121.43700012207032,-10.62226173804604,-7.329096483830478,7.884746312922343,-3.9244324936940913
intc,2023-02-27 11:20:46-05:00,25.549999237060547,25.579999923706055,25.049999237060547,25.1200008392334,11183202,25.1200008392334,0.0,0.0,28.04606414794922,27.74226448059082,27.6631676864624,-10.433062169722596,-9.452233588184633,0.2859281880690973,-8.551008499190651
ogn,2023-02-27 11:20:52-05:00,25.780000686645508,26.15999984741211,25.610000610351562,25.720800399780273,401228,25.720800399780273,0.0,0.0,28.60885223388672,28.747666053771972,26.690246486663817,-10.094958757854657,-10.529083120452293,7.708507181213841,-9.059607645522608
frc,2023-02-27 11:20:13-05:00,121.98999786376953,122.91500091552734,121.44999694824219,122.0250015258789,495537,122.0250015258789,0.0,0.0,135.30247467041016,129.60339141845702,125.71352478027343,-9.813178344944905,-5.847370049221463,3.094230827575981,-5.577406589495116
keys,2023-02-27 11:20:30-05:00,159.3800048828125,161.77000427246094,159.25999450683594,160.8800048828125,270640,160.8800048828125,0.0,0.0,178.32200073242188,176.58840087890624,173.3627003479004,-9.78117998787019,-8.895485727211279,1.8606658321153238,-7.376895338945019
amt,2023-02-27 11:20:34-05:00,198.57000732421875,199.86000061035156,194.88330078125,195.02000427246094,570667,195.02000427246094,0.0,0.0,214.7075994873047,216.13903198242187,210.70238800048827,-9.16949156054807,-9.771038352609304,2.580247919127049,-8.111612160578797
sbac,2023-02-27 11:20:40-05:00,262.510009765625,264.7799987792969,259.260009765625,259.80999755859375,201818,259.80999755859375,0.0,0.0,285.92119750976565,287.4981994628906,282.11116806030276,-9.132306446177383,-9.630739238028092,1.9095420573482433,-8.958976187721484
iff,2023-02-27 11:20:38-05:00,94.94999694824219,96.26000213623047,94.38999938964844,95.20999908447266,244240,95.20999908447266,0.0,0.0,104.1616000366211,106.06440551757812,101.21889122009277,-8.593954921008546,-10.233788027319457,4.787163976089355,-11.196402244708272
adsk,2023-02-27 11:20:35-05:00,195.0,200.0,194.08279418945312,198.5,738885,198.5,0.0,0.0,216.6615997314453,204.41319915771484,203.9622996520996,-8.382472830421648,-2.892767777266926,0.22107002440369794,2.259360696184564
wdc,2023-02-27 11:21:12-05:00,39.619998931884766,39.72999954223633,38.6421012878418,38.86000061035156,692385,38.86000061035156,0.0,0.0,42.288800354003904,38.29940002441406,36.991299896240236,-8.1080563055691,1.463732031259351,3.5362372553627965,3.4150165145434586
pki,2023-02-27 11:20:56-05:00,126.4800033569336,126.68000030517578,124.12000274658203,124.58000183105469,271654,124.58000183105469,0.0,0.0,135.47279998779297,136.62546615600587,134.9408274078369,-8.040579479954497,-8.816412242793055,1.2484277594337077,-7.553456032534714
nflx,2023-02-27 11:20:57-05:00,323.8699951171875,330.0,322.9599914550781,325.6099853515625,3054947,325.6099853515625,0.0,0.0,353.40519653320314,330.43299865722656,304.4056999206543,-7.864969574387462,-1.4596040120881502,8.550200848195843,-0.7374875725219837
crl,2023-02-27 11:19:02-05:00,224.0800018310547,228.50999450683594,222.92999267578125,226.02000427246094,205327,226.02000427246094,0.0,0.0,244.79360107421874,234.6381997680664,226.75309997558594,-7.669153408983862,-3.672972049787431,3.477394484719039,-2.9144705660608072
cci,2023-02-27 11:20:34-05:00,133.02000427246094,133.75,131.5449981689453,131.69000244140625,336610,131.69000244140625,0.0,0.0,142.2532000732422,141.79480041503905,137.58393913269043,-7.42563093582236,-7.126352972080535,3.0605761899922963,-6.001247366146147
abt,2023-02-27 11:20:30-05:00,101.27999877929688,101.31099700927734,100.52999877929688,100.58899688720703,1044265,100.58899688720703,0.0,0.0,108.39075988769531,109.1691438293457,105.55199066162109,-7.197811887813832,-7.859498243891369,3.426892420551774,-6.853016722801288
fcx,2023-02-27 11:20:41-05:00,40.1349983215332,40.599998474121094,39.810001373291016,40.15999984741211,2816943,40.15999984741211,0.0,0.0,43.14720001220703,41.885134048461914,38.01738145828247,-6.923276977300483,-4.118726703975189,10.17364279658144,-1.9377505263517478
cmg,2023-02-27 11:19:00-05:00,1490.0,1504.5050048828125,1488.199951171875,1501.0,92163,1501.0,0.0,0.0,1611.8168115234375,1529.8302075195313,1519.5582983398438,-6.875273339449602,-1.8845364261878872,0.6759799338340541,-0.4694368857951764
ndsn,2023-02-27 11:20:00-05:00,222.11000061035156,224.1049041748047,221.22999572753906,221.22999572753906,41317,221.22999572753906,0.0,0.0,237.50085815429688,237.12821990966796,231.21146423339843,-6.850864688744469,-6.704484260956033,2.559023487821871,-7.689502969625733
ste,2023-02-27 11:20:19-05:00,187.75,188.5399932861328,186.56500244140625,187.11000061035156,66396,187.11000061035156,0.0,0.0,200.6081005859375,195.21587432861327,184.2258235168457,-6.72859168506187,-4.152261564864762,5.965532194113179,-4.836202047805102
zbra,2023-02-27 11:18:58-05:00,296.3500061035156,297.7124938964844,293.8800048828125,296.0,201801,296.0,0.0,0.0,317.16320068359374,292.48000061035157,276.2751002502441,-6.672653270612701,1.203500882898949,5.865494337140549,3.1750274141335137
peak,2023-02-27 11:20:47-05:00,24.920000076293945,24.959999084472656,24.68000030517578,24.69499969482422,448572,24.69499969482422,0.0,0.0,26.42362586975098,26.00568920135498,24.868339252471923,-6.54197188322153,-5.040010654524277,4.5734857375729385,-3.941370513120858
iqv,2023-02-27 11:19:04-05:00,211.97000122070312,212.88499450683594,211.08999633789062,211.44500732421875,119118,211.44500732421875,0.0,0.0,226.04419921875,218.13949951171875,210.4151496887207,-6.458556311105849,-3.0689041656760407,3.6710045994431137,-3.0071533684779164
awk,2023-02-27 11:20:30-05:00,142.5800018310547,144.02000427246094,141.5399932861328,141.6699981689453,254292,141.6699981689453,0.0,0.0,151.43516174316406,152.90878509521485,147.19479385375976,-6.448412285371734,-7.349994259173045,3.8819248234635437,-5.9941620856899736
vrsn,2023-02-27 11:19:27-05:00,199.75999450683594,200.02999877929688,198.47000122070312,198.47000122070312,68543,198.47000122070312,0.0,0.0,211.83239929199217,208.9829998779297,199.14510025024413,-6.308004873640774,-5.0305520847951195,4.940066120292866,-3.758459387497311
wrk,2023-02-27 11:21:07-05:00,32.060001373291016,32.2400016784668,31.90999984741211,31.959999084472656,364446,31.959999084472656,0.0,0.0,34.109522857666015,34.903313903808595,34.64432035446167,-6.301828912010886,-8.432766090485089,0.7475786700303129,-9.992184769611777
efx,2023-02-27 11:18:28-05:00,202.9499969482422,203.4199981689453,201.43499755859375,201.64500427246094,116096,201.64500427246094,0.0,0.0,214.89896362304688,208.71320037841798,194.10529556274415,-6.167530604677388,-3.386559208110313,7.525763155159185,-2.680837199523103
mco,2023-02-27 11:20:58-05:00,294.0299987792969,293.7650146484375,290.7200012207031,290.7200012207031,83772,290.7200012207031,0.0,0.0,309.759443359375,300.17192810058594,285.6155451965332,-6.146525165524263,-3.1488377143366755,5.096495323472824,-2.6138132936559595
dis,2023-02-27 11:20:42-05:00,100.7300033569336,101.47000122070312,100.58999633789062,100.70999908447266,1835270,100.70999908447266,0.0,0.0,107.29040008544922,99.80300003051758,98.65080024719238,-6.133261685794573,0.9087893687341416,1.1679578679930611,1.7760214471017082
hd,2023-02-27 11:20:46-05:00,299.3599853515625,300.4649963378906,296.385009765625,297.1000061035156,1071583,297.1000061035156,0.0,0.0,316.511201171875,318.5867999267578,309.2390078735352,-6.132861963965216,-6.74440806341692,3.0228372925855007,-7.141248900520201
expe,2023-02-27 11:20:41-05:00,105.66000366210938,107.8550033569336,105.47000122070312,107.0,648829,107.0,0.0,0.0,113.95599975585938,103.69439956665039,100.05119956970215,-6.104110157220324,3.187829282163797,3.6413356487646618,3.50640664754975
el,2023-02-27 11:20:34-05:00,244.36000061035156,245.7899932861328,243.58999633789062,245.1475067138672,267451,245.1475067138672,0.0,0.0,261.0159008789062,257.2997512817383,237.66850784301758,-6.079474128436681,-4.7229911833706435,8.259926237971476,-3.8535217605935244
hsic,2023-02-27 11:20:36-05:00,81.58000183105469,82.37999725341797,79.7300033569336,79.79000091552734,418310,79.79000091552734,0.0,0.0,84.88160034179687,82.77580047607422,78.7092000579834,-5.998472467256666,-3.6070923426586554,5.166613833065322,-2.000269026511501
ebay,2023-02-27 11:20:47-05:00,45.31999969482422,45.79499816894531,45.08000183105469,45.689998626708984,1467898,45.689998626708984,0.0,0.0,48.57839981079101,45.899599914550784,43.647729301452635,-5.945854938269107,-0.45665166631518506,5.159193041969321,1.1982962212782897
sivb,2023-02-27 11:19:58-05:00,287.5899963378906,289.5299987792969,284.3500061035156,286.04998779296875,160408,286.04998779296875,0.0,0.0,303.8876000976563,269.8539999389648,261.5175997924805,-5.869805908156598,6.001759417191191,3.1877013834248347,7.014589307334971
xray,2023-02-27 11:20:36-05:00,34.72999954223633,34.880001068115234,34.4900016784668,34.52000045776367,332667,34.52000045776367,0.0,0.0,36.66560012817383,34.93574161529541,32.336733703613284,-5.851805678646124,-1.190016694392207,8.037323545116488,0.41272709587083156
a,2023-02-27 11:19:50-05:00,142.8800048828125,143.72999572753906,142.3350067138672,142.61000061035156,249571,142.61000061035156,0.0,0.0,151.4515997314453,151.48854888916014,146.35726371765136,-5.837904080756956,-5.860870900086819,3.505999662174555,-6.263776058785799
blk,2023-02-27 11:20:00-05:00,694.8800048828125,696.5,688.260009765625,688.9249877929688,168100,688.9249877929688,0.0,0.0,731.45259765625,726.89669921875,692.0213299560547,-5.8141306763486655,-5.223811232956794,5.039637906090253,-5.286769551148962
kmx,2023-02-27 11:20:42-05:00,69.01000213623047,69.23999786376953,67.91000366210938,67.9800033569336,335319,67.9800033569336,0.0,0.0,72.14840026855468,67.60819999694824,66.28169986724853,-5.777531998083471,0.5499382619299621,2.0013067443298436,1.596919571577246
tech,2023-02-27 11:20:42-05:00,73.1500015258789,73.94000244140625,72.44499969482422,72.98999786376953,267782,72.98999786376953,0.0,0.0,77.44516479492188,80.0637385559082,79.32691230773926,-5.75267280139415,-8.8351366295481,0.9288477601529596,-8.653288475082704
spgi,2023-02-27 11:20:45-05:00,347.3399963378906,347.9700012207031,342.3800048828125,342.625,370622,342.625,0.0,0.0,363.3964514160156,354.6133331298828,340.6798452758789,-5.715920266991408,-3.3806774900626397,4.089906710718592,-2.5418942893729732
are,2023-02-27 11:19:58-05:00,153.66000366210938,154.17999267578125,152.16000366210938,152.67999267578125,75270,152.67999267578125,0.0,0.0,161.5039990234375,154.94425903320314,148.94264694213868,-5.463645730763428,-1.461342531533664,4.029478604201232,-0.052007827099646596
incy,2023-02-27 11:20:55-05:00,77.18000030517578,77.62000274658203,77.01000213623047,77.06999969482422,178573,77.06999969482422,0.0,0.0,81.49559997558593,81.1482000732422,78.38730003356933,-5.430477574356792,-5.02562025372972,3.5221267201326074,-4.4446454194844405
nsc,2023-02-27 11:20:46-05:00,228.0,232.5,225.75999450683594,226.69000244140625,752827,226.69000244140625,0.0,0.0,239.20082336425781,244.35735107421874,238.34478927612304,-5.230258302163091,-7.23012774330099,2.52263194691877,-8.566205058660852
isrg,2023-02-27 11:20:24-05:00,233.9600067138672,233.9600067138672,231.5,232.2899932861328,344010,232.2899932861328,0.0,0.0,245.04119995117188,254.53479919433593,247.0780990600586,-5.2036990790038296,-8.739396726346769,3.017952688904566,-9.05398990988641
whr,2023-02-27 11:21:11-05:00,140.97000122070312,141.94500732421875,139.97999572753906,140.5050048828125,118452,140.5050048828125,0.0,0.0,148.1977996826172,147.29289978027344,144.3415370941162,-5.190896771935685,-4.60843320186302,2.0447078128542016,-4.8412873184493375
trow,2023-02-27 11:20:37-05:00,112.27999877929688,112.94999694824219,111.4000015258789,111.95999908447266,386973,111.95999908447266,0.0,0.0,118.07480102539063,115.66560043334961,114.11392745971679,-5.178752695592562,-3.2037194593670444,1.3597577510252399,-3.430816713256468
dlr,2023-02-27 11:20:23-05:00,106.55999755859375,107.19000244140625,105.36499786376953,105.45999908447266,235450,105.45999908447266,0.0,0.0,111.1836004638672,106.84760009765625,104.0401538848877,-5.147882741263278,-1.2986730744680863,2.69842566349409,-0.052248338434082386
mtd,2023-02-27 11:16:38-05:00,1447.47998046875,1456.489990234375,1446.4000244140625,1447.800048828125,16494,1447.800048828125,0.0,0.0,1526.2952099609374,1501.2264038085937,1410.1943029785157,-5.142855760834194,-3.5588472761288124,6.455287802383418,-3.4180719928002596
emr,2023-02-27 11:20:42-05:00,83.08000183105469,83.08000183105469,82.1050033569336,82.47000122070312,480376,82.47000122070312,0.0,0.0,86.93221618652343,90.73601272583008,89.36468742370606,-5.132981950265819,-9.109956738019461,1.5345270505139648,-9.87340959043081
dhi,2023-02-27 11:20:42-05:00,92.31999969482422,92.7699966430664,91.33000183105469,91.58000183105469,535162,91.58000183105469,0.0,0.0,96.52254638671874,93.84900634765626,85.8451057434082,-5.120611443321949,-2.417718210245318,9.323653963653783,-2.5165254061457736
ice,2023-02-27 11:20:41-05:00,102.94000244140625,103.58999633789062,101.52999877929688,101.58999633789062,639536,101.58999633789062,0.0,0.0,107.06800079345703,105.71060043334961,102.22710662841797,-5.116378763935199,-3.8980046263733232,3.4076028558586526,-2.40143176171549
wat,2023-02-27 11:21:06-05:00,317.6000061035156,318.0809020996094,314.6199951171875,315.6499938964844,42767,315.6499938964844,0.0,0.0,332.56480102539064,335.9835998535156,323.37300048828126,-5.086168793796927,-6.051963835704011,3.899706947145498,-5.388044837181858
qcom,2023-02-27 11:21:05-05:00,126.5,126.5615005493164,124.11000061035156,124.34500122070312,1644698,124.34500122070312,0.0,0.0,130.89380065917967,122.80529998779296,120.14705169677734,-5.003139495909563,1.2537742532799563,2.2124956488523853,1.482374560151452
len,2023-02-27 11:20:57-05:00,97.0,97.36000061035156,95.58999633789062,95.81999969482422,434867,95.81999969482422,0.0,0.0,100.7068212890625,96.99972152709961,89.3528823852539,-4.852522929118635,-1.2162115660773336,8.558021787003568,-0.5530627791266852
now,2023-02-27 11:20:34-05:00,431.239990234375,437.6400146484375,430.0,431.9700012207031,425022,431.9700012207031,0.0,0.0,453.8255993652344,424.29119995117185,407.71919982910157,-4.81585837711682,1.8097950818718294,4.064562112605085,2.6012021333986803
klac,2023-02-27 11:20:42-05:00,386.70001220703125,386.70001220703125,379.3999938964844,381.4200134277344,148134,381.4200134277344,0.0,0.0,400.6315710449219,396.6316265869141,367.95909606933594,-4.795317944384708,-3.835199247744904,7.792314641455491,-4.0867490660085775
pool,2023-02-27 11:16:35-05:00,361.0899963378906,363.4599914550781,358.30499267578125,358.9100036621094,73157,358.9100036621094,0.0,0.0,376.96240234375,349.0842004394531,333.4129690551758,-4.788912254750207,2.8147373070126913,4.70024649271635,2.916389423945804
nke,2023-02-27 11:20:41-05:00,119.26000213623047,119.80999755859375,118.69499969482422,118.91999816894531,1339155,118.91999816894531,0.0,0.0,124.84880004882812,121.90460006713867,109.9343800354004,-4.748785633153117,-2.4483094949243904,10.888513700521804,-1.6702594065915073
chtr,2023-02-27 11:20:43-05:00,379.82000732421875,381.07000732421875,375.0,376.7099914550781,332228,376.7099914550781,0.0,0.0,395.4183984375,372.78799926757813,365.7326998901367,-4.731294005627545,1.0520703979756831,1.929086291589674,1.5966090443686975
cmcsa,2023-02-27 11:20:43-05:00,37.25,37.56999969482422,37.119998931884766,37.28499984741211,3458209,37.28499984741211,0.0,0.0,39.12779968261719,37.70502731323242,35.08371910095215,-4.709694514265659,-1.1139826589461308,7.471580207154059,-0.2185903479701096
shw,2023-02-27 11:19:57-05:00,223.8000030517578,224.6699981689453,221.83999633789062,222.14999389648438,251892,222.14999389648438,0.0,0.0,232.92512084960939,236.41771301269532,232.3339109802246,-4.626004663568292,-6.034961989267185,1.7577296466284305,-6.594779265321469
alk,2023-02-27 11:20:38-05:00,47.939998626708984,48.364498138427734,47.56999969482422,48.025001525878906,254680,48.025001525878906,0.0,0.0,50.28900009155274,47.82670021057129,46.08205017089844,-4.501975703537848,0.41462470635552234,3.785964455146188,-0.1216923372622852
stx,2023-02-27 11:20:38-05:00,66.29000091552734,66.62999725341797,65.05500030517578,65.55999755859375,627003,65.55999755859375,0.0,0.0,68.63840026855469,61.301075820922854,57.016640510559085,-4.484956959830617,6.947548114999429,7.514359443135414,9.206012310613369
aal,2023-02-27 11:20:37-05:00,15.739999771118164,15.780099868774414,15.550000190734863,15.640000343322754,5046945,15.640000343322754,0.0,0.0,16.372800064086913,15.236400032043457,14.514700002670288,-4.475714098357107,2.648921729742527,4.97220079809019,3.3353307347231094
ptc,2023-02-27 11:20:33-05:00,128.25,128.46499633789062,126.86000061035156,126.9000015258789,153270,126.9000015258789,0.0,0.0,132.67400024414061,128.5306005859375,123.89130004882813,-4.352019768482642,-1.268646573364716,3.7446540114446445,-0.006887737893893986
mmc,2023-02-27 11:19:46-05:00,163.4499969482422,164.00999450683594,162.4600067138672,163.00999450683594,252361,163.00999450683594,0.0,0.0,170.3299981689453,169.16795196533204,165.795772857666,-4.297542265484484,-3.6401442394704073,2.0339355156907466,-3.6275998708165886
kim,2023-02-27 11:20:41-05:00,20.950000762939453,21.0,20.760000228881836,20.795000076293945,436011,20.795000076293945,0.0,0.0,21.716200103759764,21.483700065612794,21.151739044189455,-4.241994561959897,-3.2056861118685727,1.5694266118252413,-4.446869316577401
see,2023-02-27 11:21:05-05:00,49.79999923706055,50.150001525878906,49.65999984741211,49.66999816894531,228267,49.66999816894531,0.0,0.0,51.868800201416015,51.77020027160645,50.06201927185059,-4.239161160335988,-4.056778014461341,3.412129643592613,-5.2500884688460125
jci,2023-02-27 11:20:48-05:00,62.90999984741211,63.15999984741211,62.53499984741211,62.779998779296875,829735,62.779998779296875,0.0,0.0,65.54399932861328,65.4914128112793,62.906466751098634,-4.217015405878323,-4.1401061842957425,4.109189712416211,-4.400299919349083
ivz,2023-02-27 11:20:42-05:00,17.65999984741211,17.885000228881836,17.65999984741211,17.719999313354492,556199,17.719999313354492,0.0,0.0,18.499593353271486,18.53718204498291,17.565831422805786,-4.214114467435737,-4.408343887681611,5.5297731077847825,-4.95384639612245
qrvo,2023-02-27 11:20:46-05:00,102.11000061035156,102.19999694824219,100.9000015258789,101.61000061035156,204557,101.61000061035156,0.0,0.0,106.07919982910157,100.37839981079101,95.17789985656738,-4.213077800313435,1.226957992837172,5.46397846775434,0.8542363617949731
ba,2023-02-27 11:20:41-05:00,199.8699951171875,203.1199951171875,199.05999755859375,201.77999877929688,1833369,201.77999877929688,0.0,0.0,210.6399987792969,204.6111996459961,181.48009979248047,-4.206228660912257,-1.3836978970836222,12.74580512131394,-0.011691818823898092
nwl,2023-02-27 11:20:53-05:00,14.699999809265137,14.800000190734863,14.595000267028809,14.654999732971191,1277898,14.654999732971191,0.0,0.0,15.295000114440917,14.59850004196167,14.109724798202514,-4.184376441197038,0.38702394661862805,3.4641018924863953,-0.4455596252244477
hon,2023-02-27 11:20:54-05:00,194.4199981689453,194.9600067138672,192.9149932861328,192.9499969482422,729858,192.9499969482422,0.0,0.0,201.3416357421875,205.65255889892578,202.5146272277832,-4.167860642937544,-6.176709892983461,1.549483962762412,-6.006928873979482
cpt,2023-02-27 11:19:53-05:00,117.83000183105469,117.83000183105469,115.66500091552734,115.66500091552734,212355,115.66500091552734,0.0,0.0,120.64780029296875,116.95230026245117,115.47780288696289,-4.130037485425918,-1.1007045984003896,1.2768664960932938,0.18800809063427354
key,2023-02-27 11:20:50-05:00,18.290000915527344,18.454999923706055,18.184999465942383,18.264999389648438,1644721,18.264999389648438,0.0,0.0,19.051799926757813,18.257300033569337,17.92855875015259,-4.1297963454063575,0.042171383857111076,1.8336180169192295,0.32970749434544533
wy,2023-02-27 11:20:53-05:00,31.479999542236328,31.604999542236328,31.219999313354492,31.235000610351562,995376,31.235000610351562,0.0,0.0,32.57903106689453,31.554546699523925,30.77741641998291,-4.1254463761775755,-1.0126784333656227,2.5250016730983535,-1.9513443255319394
ben,2023-02-27 11:20:43-05:00,29.780000686645508,29.889999389648438,29.600000381469727,29.799999237060547,437036,29.799999237060547,0.0,0.0,31.07159996032715,29.357219772338865,26.786151371002198,-4.092485500876065,1.508247266448847,9.598498738120405,1.5637324098089023
pld,2023-02-27 11:20:35-05:00,123.4000015258789,123.62999725341797,122.30999755859375,122.38500213623047,543444,122.38500213623047,0.0,0.0,127.50379974365234,121.96670166015625,115.68590103149414,-4.014623578052781,0.34296285000783244,5.429184172539946,0.8542768604409272
tjx,2023-02-27 11:21:10-05:00,78.0199966430664,78.0199966430664,76.81999969482422,76.8499984741211,1384460,76.8499984741211,0.0,0.0,80.0540576171875,79.8178988647461,76.1432056427002,-4.002369446890467,-3.7183394111315855,4.826029047541412,-2.824134648692275
eqix,2023-02-27 11:19:39-05:00,697.2999877929688,699.3099975585938,691.72998046875,694.0800170898438,84227,694.0800170898438,0.0,0.0,722.6099975585937,702.0766015625,653.784035949707,-3.948185129619185,-1.1389903117208966,7.386623557218197,-0.6504376987017567
gild,2023-02-27 11:20:48-05:00,81.16000366210938,81.30999755859375,80.58499908447266,80.8949966430664,1238864,80.8949966430664,0.0,0.0,84.19060028076171,84.91410018920898,81.11404430389405,-3.914455564760217,-4.733140358535329,4.684830990645726,-3.2029961187599767
wtw,2023-02-27 11:20:09-05:00,240.64999389648438,241.85000610351562,237.4199981689453,237.4199981689453,93928,237.4199981689453,0.0,0.0,247.07839965820312,247.19458923339843,235.93224548339845,-3.909043244014369,-3.9542091494664784,4.773550019381505,-4.417509074302286
cat,2023-02-27 11:20:41-05:00,239.10000610351562,241.25,238.77999877929688,239.22999572753906,524800,239.22999572753906,0.0,0.0,248.91079772949217,245.56547302246094,229.0891261291504,-3.8892655884193017,-2.5799544280161855,7.192112158139663,-2.820957949832323
dhr,2023-02-27 11:20:41-05:00,251.4199981689453,252.80999755859375,250.33009338378906,250.90499877929688,407019,250.90499877929688,0.0,0.0,260.91499877929687,262.83537994384767,261.81057205200193,-3.836498494464576,-4.539107774265249,0.3914310578879862,-4.9528194358852975
tmo,2023-02-27 11:21:07-05:00,548.489990234375,554.4199829101562,545.1500244140625,548.6799926757812,275203,548.6799926757812,0.0,0.0,570.389599609375,564.1331982421875,545.2031695556641,-3.8061014696728854,-2.7392831364219887,3.472105399158123,-2.9414891553713374
idxx,2023-02-27 11:20:07-05:00,474.6700134277344,476.19000244140625,469.55999755859375,470.5140075683594,78688,470.5140075683594,0.0,0.0,489.10736328125,462.0656799316406,422.95753997802734,-3.8014875891776225,1.8283824148048917,9.2463512899297,3.0420556054169654
hal,2023-02-27 11:20:45-05:00,36.849998474121094,37.339900970458984,36.68000030517578,37.275001525878906,1864483,37.275001525878906,0.0,0.0,38.746200256347656,38.970299911499026,36.93261566162109,-3.797014212323254,-4.350231816203923,5.517302832128986,-6.12807204986387
aon,2023-02-27 11:20:25-05:00,305.3900146484375,306.0299987792969,303.54998779296875,303.5799865722656,120525,303.5799865722656,0.0,0.0,315.54390380859377,310.6079370117188,300.1618505859375,-3.791522223032822,-2.2626435457726233,3.480151260191719,-2.1382537184035493
mu,2023-02-27 11:20:58-05:00,59.16999816894531,59.54999923706055,58.09000015258789,58.415000915527344,3321997,58.415000915527344,0.0,0.0,60.67419952392578,57.14659301757813,56.34885120391846,-3.7234914117120916,2.219568710874957,1.4157197469257283,1.693847441545921
rost,2023-02-27 11:21:07-05:00,112.73999786376953,112.80000305175781,111.54000091552734,111.5999984741211,487536,111.5999984741211,0.0,0.0,115.88999969482421,116.33240005493164,107.63139694213868,-3.7017872396238474,-4.067999610234059,8.08407524197657,-3.868468665461195
ajg,2023-02-27 11:19:58-05:00,185.63999938964844,186.86000061035156,184.97000122070312,185.3800048828125,126288,185.3800048828125,0.0,0.0,192.50280029296874,191.47199981689454,188.9921740722656,-3.7000996345591375,-3.1816636061188257,1.3121314450198904,-3.1907662797306826
vz,2023-02-27 11:21:11-05:00,38.9900016784668,39.140098571777344,38.744998931884766,38.790000915527344,3390821,38.790000915527344,0.0,0.0,40.26960006713867,39.777436065673825,38.35508190155029,-3.674233538809656,-2.4824001942110963,3.7083851568207495,-2.0236892593493465
sbux,2023-02-27 11:20:42-05:00,102.33000183105469,103.30000305175781,102.22000122070312,102.51000213623047,1270615,102.51000213623047,0.0,0.0,106.40904205322266,104.07680755615235,98.3864503479004,-3.6641998102398197,-1.5054318600967291,5.783679752781515,-0.587263133732948
bbwi,2023-02-27 11:20:28-05:00,43.5,43.690399169921875,42.61000061035156,42.755001068115234,1596729,42.755001068115234,0.0,0.0,44.37921630859375,43.88061416625977,40.00108335494995,-3.659855616161465,-2.565171704023297,9.698564353582054,-3.5986750005312955
cof,2023-02-27 11:20:37-05:00,111.0,111.4800033569336,109.62000274658203,109.9800033569336,373324,109.9800033569336,0.0,0.0,114.149990234375,104.47716827392578,101.89000732421874,-3.653076858683478,5.267021660254113,2.5391704423718164,5.020651252004909
vrsk,2023-02-27 11:20:43-05:00,173.44000244140625,173.44000244140625,171.7899932861328,172.10000610351562,265225,172.10000610351562,0.0,0.0,178.45960083007813,178.62460052490235,177.01714797973634,-3.563604702118464,-3.652685241682105,0.9080773040982572,-3.163291539163956
ma,2023-02-27 11:20:53-05:00,355.6400146484375,358.0299987792969,355.3399963378906,355.9750061035156,629941,355.9750061035156,0.0,0.0,369.08739990234375,363.04250671386717,344.2235385131836,-3.5526527869272995,-1.9467419047769556,5.467077667601982,-2.181368385704428
hes,2023-02-27 11:20:38-05:00,138.9600067138672,140.08999633789062,137.16000366210938,139.74000549316406,317353,139.74000549316406,0.0,0.0,144.8784014892578,143.58651763916015,140.4247135925293,-3.546695672560096,-2.6788811437453743,2.2516008512614647,-4.476380025247401
bdx,2023-02-27 11:20:31-05:00,239.3800048828125,239.83999633789062,237.57000732421875,237.57000732421875,111152,237.57000732421875,0.0,0.0,246.25280090332032,250.19600006103516,240.7836016845703,-3.5259674396598903,-5.04644068399827,3.9090695174479655,-4.676255734734545
alle,2023-02-27 11:20:20-05:00,114.1500015258789,114.8499984741211,112.5,113.0199966430664,191333,113.0199966430664,0.0,0.0,117.10760009765625,112.80900009155273,108.51889999389648,-3.4904681260491883,0.18703875696303884,3.95332066386366,0.7824950220900763
pm,2023-02-27 11:20:26-05:00,99.08000183105469,99.16999816894531,98.37000274658203,98.37999725341797,795247,98.37999725341797,0.0,0.0,101.9279998779297,101.52996368408203,96.63577781677246,-3.4808910493297804,-3.1024993178027898,5.0645692287894235,-2.308653246987681
emn,2023-02-27 11:20:25-05:00,84.9000015258789,85.48999786376953,84.30000305175781,84.91500091552734,183711,84.91500091552734,0.0,0.0,87.97060028076172,86.65969985961914,83.13934440612793,-3.4734324370668186,-2.0132760059382258,4.234283393304858,-3.4860619473859957
kmi,2023-02-27 11:20:53-05:00,17.540000915527344,17.59000015258789,17.40999984741211,17.449899673461914,1948775,17.449899673461914,0.0,0.0,18.074945068359376,18.034013328552245,17.844402732849122,-3.4580763179835015,-3.2389554363117625,1.0625774285741438,-3.5121509683480148
ter,2023-02-27 11:20:55-05:00,102.26000213623047,102.47000122070312,100.81999969482422,101.36499786376953,236454,101.36499786376953,0.0,0.0,104.96881072998048,97.7922087097168,91.47884963989257,-3.4332225364363853,3.653449698286372,6.901441256286926,3.953377327480516
dgx,2023-02-27 11:21:04-05:00,140.8800048828125,140.91000366210938,139.47999572753906,140.27000427246094,166100,140.27000427246094,0.0,0.0,145.21640014648438,148.39526245117187,144.70397285461425,-3.4062240002051087,-5.475416158507405,2.5509248459033707,-4.5030398878074545
cma,2023-02-27 11:20:25-05:00,70.93000030517578,71.66000366210938,70.79000091552734,70.86000061035156,242657,70.86000061035156,0.0,0.0,73.35799957275391,69.90759963989258,69.68285835266113,-3.4052168501744933,1.362371151870442,0.322520190107658,0.8037179718742535
ccl,2023-02-27 11:20:42-05:00,10.819999694824219,10.987500190734863,10.765000343322754,10.90999984741211,10569703,10.90999984741211,0.0,0.0,11.294000053405762,10.135200042724609,9.45040003299713,-3.400037224879023,7.644642448312385,7.246254204440261,8.478351182087842
lrcx,2023-02-27 11:20:42-05:00,489.7300109863281,490.8299865722656,483.4700012207031,485.6700134277344,266700,485.6700134277344,0.0,0.0,502.7271997070313,472.06259765625,443.38459838867186,-3.3929308557876174,2.8825447809345714,6.467973712167359,2.0605113558723556
nee,2023-02-27 11:20:44-05:00,72.97000122070312,73.66000366210938,72.84230041503906,73.06580352783203,1413709,73.06580352783203,0.0,0.0,75.62023223876953,79.86911590576172,79.76455352783204,-3.3779699365005094,-8.518076481473734,0.13108877728902116,-8.905551081253016
tfx,2023-02-27 11:20:40-05:00,237.02000427246094,240.1999969482422,235.36000061035156,237.22000122070312,73172,237.22000122070312,0.0,0.0,245.42679870605468,246.33380004882812,230.20285278320313,-3.3438880874540353,-3.6997760056957136,7.007275136080329,-3.571045098918178
rhi,2023-02-27 11:20:51-05:00,79.55999755859375,80.25,79.05000305175781,79.63999938964844,276734,79.63999938964844,0.0,0.0,82.3226708984375,78.24321701049804,77.2451946258545,-3.2587274920886635,1.7851801504569855,1.2920187326571937,1.8006401175372928
ip,2023-02-27 11:20:55-05:00,37.119998931884766,37.185001373291016,36.88999938964844,36.9900016784668,505899,36.9900016784668,0.0,0.0,38.205621032714845,36.956653900146485,35.40056396484375,-3.181781427416487,0.09023484217595802,4.3956642522647025,-1.2414213549173883
ppl,2023-02-27 11:20:41-05:00,27.700000762939453,28.149999618530273,27.700000762939453,27.875,1294144,27.875,0.0,0.0,28.77020004272461,29.222700004577636,28.053011894226074,-3.1115530701740397,-4.611825753152594,4.169563377942705,-5.089624952344542
nxpi,2023-02-27 11:20:53-05:00,180.2100067138672,180.5800018310547,178.2949981689453,179.13999938964844,262308,179.13999938964844,0.0,0.0,184.75280029296874,173.55500030517578,165.59157165527344,-3.038005862114078,3.217999524445911,4.809078487690491,3.4252445974164574
hpe,2023-02-27 11:20:49-05:00,15.75,15.84000015258789,15.670000076293945,15.680299758911133,1918308,15.680299758911133,0.0,0.0,16.167611923217773,16.146605968475342,15.291765489578246,-3.0141258128965083,-2.887951873444029,5.590201337312507,-2.5819191979473084
ctsh,2023-02-27 11:20:42-05:00,64.55999755859375,64.59500122070312,63.7599983215332,63.900001525878906,406044,63.900001525878906,0.0,0.0,65.86245223999023,62.152643051147464,60.48568580627441,-2.979619870454459,2.8113985004523183,2.7559532849012247,3.687137739442586
coo,2023-02-27 11:19:44-05:00,333.0,336.19000244140625,332.9200134277344,333.5400085449219,38998,333.5400085449219,0.0,0.0,343.6455993652344,339.60870178222655,313.7336392211914,-2.940701361803865,-1.786966354353373,8.247461963360724,-0.9045171705703877
dow,2023-02-27 11:20:42-05:00,57.380001068115234,57.61349868774414,57.0,57.099998474121094,1528417,57.099998474121094,0.0,0.0,58.8231999206543,56.005800018310545,52.03109443664551,-2.9294588680275853,1.9537234633784564,7.639096630006015,2.5660431683869414
aph,2023-02-27 11:20:38-05:00,77.30999755859375,77.84500122070312,76.75,77.44999694824219,271353,77.44999694824219,0.0,0.0,79.78720001220704,78.82035415649415,77.06587677001953,-2.9292957562206343,-1.7385829116311498,2.276594337219236,-2.027400592026888
mck,2023-02-27 11:20:05-05:00,360.0899963378906,360.8900146484375,356.70001220703125,356.9949951171875,154926,356.9949951171875,0.0,0.0,367.7157995605469,372.92449951171875,372.5737066650391,-2.915513680992685,-4.271509223820969,0.09415394602578489,-3.6975422382296443
expd,2023-02-27 11:20:18-05:00,108.63999938964844,108.9000015258789,107.08999633789062,107.41500091552734,151197,107.41500091552734,0.0,0.0,110.604599609375,109.04050003051758,105.43879722595214,-2.883784856246884,-1.4907296963378736,3.4159179536609225,-2.432148127892327
xel,2023-02-27 11:21:12-05:00,66.1500015258789,66.72000122070312,65.98999786376953,66.02999877929688,344127,66.02999877929688,0.0,0.0,67.97640014648438,69.16239349365235,67.1642049407959,-2.863348696007948,-4.529043250423308,2.975079589816952,-4.226274366642519
es,2023-02-27 11:20:23-05:00,77.76000213623047,78.47000122070312,77.625,77.66000366210938,196598,77.66000366210938,0.0,0.0,79.94279998779297,81.91244003295898,79.75105499267578,-2.8555371165785637,-5.191441457657179,2.7101648253828188,-5.132655794581899
holx,2023-02-27 11:20:41-05:00,80.70999908447266,80.70999908447266,80.04000091552734,80.29499816894531,184596,80.29499816894531,0.0,0.0,82.645400390625,79.86750045776367,75.13755043029785,-2.843960112202818,0.5352586580667035,6.2950548698730975,1.464126353945691
v,2023-02-27 11:21:11-05:00,220.72999572753906,221.39999389648438,219.72999572753906,219.9600067138672,1064145,219.9600067138672,0.0,0.0,226.34337341308594,219.51559936523438,209.85161834716797,-2.820213643970415,0.20244909697437688,4.605149626284418,0.48859086647514377
ibm,2023-02-27 11:20:43-05:00,129.6199951171875,131.86000061035156,130.64500427246094,130.6999969482422,730079,130.6999969482422,0.0,0.0,134.46714050292968,137.6292874145508,136.2627230834961,-2.801534665344815,-5.034749940568249,1.0028893450318883,-5.312876854538365
jbht,2023-02-27 11:20:34-05:00,185.44000244140625,185.96499633789062,184.0399932861328,185.38999938964844,84513,185.38999938964844,0.0,0.0,190.68509704589843,184.28561920166015,178.81353973388673,-2.7768806992690407,0.5992763802040255,3.0602153930385056,-0.06841661834152826
hca,2023-02-27 11:20:05-05:00,252.72999572753906,252.0399932861328,248.97000122070312,249.39999389648438,246435,249.39999389648438,0.0,0.0,256.3351983642578,251.7463995361328,235.96972839355467,-2.7055217200091044,-0.9320513198885482,6.6858877407637225,0.30055141928824003
txn,2023-02-27 11:21:03-05:00,171.38999938964844,172.02000427246094,170.3800048828125,171.32000732421875,712388,171.32000732421875,0.0,0.0,176.0150408935547,172.61953674316408,168.92860931396484,-2.6674047544466806,-0.7528287026275946,2.18490369641261,-1.2997581551131543
stt,2023-02-27 11:21:05-05:00,89.5,89.56999969482422,88.27999877929688,88.37999725341797,538922,88.37999725341797,0.0,0.0,90.74600006103516,85.07523696899415,78.65382221221924,-2.607280547931407,3.8845149330918094,8.164148386138201,3.82152184585703
o,2023-02-27 11:20:52-05:00,65.6500015258789,65.69999694824219,64.93840026855469,65.02999877929688,1006308,65.02999877929688,0.0,0.0,66.7596224975586,65.49490997314453,63.2382689666748,-2.5908230956892737,-0.7098432443655345,3.5684737159059945,-0.13078993993234853
tpr,2023-02-27 11:21:07-05:00,43.130001068115234,43.29930114746094,42.88999938964844,43.244998931884766,609228,43.244998931884766,0.0,0.0,44.383399658203125,42.02569984436035,37.70165754318237,-2.5649245778493563,2.901317746141082,11.469103967711106,2.4979922007715802
apd,2023-02-27 11:20:37-05:00,282.44000244140625,287.6549987792969,282.8500061035156,286.2799987792969,317163,286.2799987792969,0.0,0.0,293.7540002441406,301.7597845458984,287.6633999633789,-2.5443062762148148,-5.129837227944807,4.900305212381582,-7.470986017735774
zbh,2023-02-27 11:20:42-05:00,123.26000213623047,124.16999816894531,122.91000366210938,123.23999786376953,261773,123.23999786376953,0.0,0.0,126.44120025634766,126.01689254760743,119.73297058105469,-2.531771595087667,-2.203589239267127,5.248280349228255,-2.2230150385917207
it,2023-02-27 11:20:00-05:00,335.4200134277344,337.0849914550781,331.6099853515625,331.6099853515625,76672,331.6099853515625,0.0,0.0,340.2204016113281,337.6398010253906,328.70199920654295,-2.5308347820958264,-1.7858722980868837,2.719120005482998,-1.1375010187763988
bby,2023-02-27 11:20:42-05:00,83.9800033569336,84.81999969482422,83.36000061035156,84.13500213623047,1030759,84.13500213623047,0.0,0.0,86.28219940185546,84.1184994506836,77.76639415740966,-2.4885750253357837,0.019618378424050772,8.168188022729225,-0.748216969213864
dri,2023-02-27 11:20:34-05:00,145.0,145.27999877929688,143.7100067138672,143.80499267578125,134694,143.80499267578125,0.0,0.0,147.4181982421875,145.01163482666016,141.78125984191894,-2.450990182684396,-0.8321002327304754,2.278421695746653,1.2124822446236696
on,2023-02-27 11:21:03-05:00,77.69000244140625,77.9800033569336,76.62999725341797,77.16000366210938,2206317,77.16000366210938,0.0,0.0,79.0827993774414,71.40699974060058,69.45879989624024,-2.4313703238488444,8.056638624235251,2.8048279660325672,9.514984389747486
maa,2023-02-27 11:20:45-05:00,165.7899932861328,165.92999267578125,163.46499633789062,163.46499633789062,97650,163.46499633789062,0.0,0.0,167.53539916992187,161.8695947265625,157.85306625366212,-2.4295777800982017,0.9856091961082336,2.5444728874927347,1.6610320196451789
dal,2023-02-27 11:20:48-05:00,37.810001373291016,37.97999954223633,37.560001373291016,37.78499984741211,1879289,37.78499984741211,0.0,0.0,38.72299972534179,36.958299751281736,35.10934991836548,-2.4223326823407785,2.236845584601611,5.266260518110819,1.4767042333863956
msci,2023-02-27 11:19:04-05:00,526.0,530.5,523.7050170898438,525.719970703125,72614,525.719970703125,0.0,0.0,538.730595703125,508.51707763671874,486.0383361816406,-2.415052180769345,3.3829528688308663,4.624890627285304,3.2480615319727173
reg,2023-02-27 11:19:48-05:00,63.83000183105469,64.3499984741211,63.72999954223633,63.790000915527344,79701,63.790000915527344,0.0,0.0,65.33079971313477,64.33599983215332,62.48962268829346,-2.358456967269673,-0.8486678034855085,2.954694018669045,-1.803313006117135
zion,2023-02-27 11:20:39-05:00,50.810001373291016,51.18000030517578,50.654998779296875,50.775001525878906,337258,50.775001525878906,0.0,0.0,52.00030502319336,50.35668449401855,50.15471649169922,-2.356339057565032,0.8307080501100957,0.40268994911527317,-0.7006544018103565
ntrs,2023-02-27 11:20:26-05:00,94.55000305175781,94.80999755859375,93.8550033569336,94.06999969482422,152769,94.06999969482422,0.0,0.0,96.3367999267578,93.85199966430665,90.34569198608398,-2.352995152067509,0.23228064537497672,3.8809904502837256,0.12361962363078964
crm,2023-02-27 11:21:07-05:00,163.83999633789062,164.77000427246094,162.24000549316406,162.38999938964844,2957855,162.38999938964844,0.0,0.0,166.25960021972656,152.03899993896485,150.82869995117187,-2.3274450467606758,6.808121241812255,0.8024334812835968,7.873464824622386
phm,2023-02-27 11:21:00-05:00,54.31999969482422,54.5,53.7599983215332,53.810001373291016,307646,53.810001373291016,0.0,0.0,55.06959976196289,51.31859992980957,46.24538818359375,-2.287284443897289,4.854772824841342,10.970200371278588,4.880966428069852
cday,2023-02-27 11:20:34-05:00,72.83999633789062,73.51499938964844,71.61000061035156,72.87999725341797,497356,72.87999725341797,0.0,0.0,74.57999969482422,69.39939987182618,66.10189990997314,-2.2794347658387477,5.015313371614324,4.988510112937803,6.671511845292892
lnt,2023-02-27 11:20:39-05:00,50.81999969482422,52.76499938964844,50.81999969482422,52.279998779296875,656438,52.279998779296875,0.0,0.0,53.49400329589844,54.04406944274902,53.204977912902834,-2.269421695524224,-3.264133662845085,1.5770921495725245,-2.3034164415874328
afl,2023-02-27 11:20:22-05:00,68.68000030517578,69.13999938964844,68.55000305175781,68.56999969482422,350666,68.56999969482422,0.0,0.0,70.15103576660157,70.56575561523438,68.07654781341553,-2.2537601255633466,-2.8282215686772854,3.656483593500188,-3.266244199426675
amat,2023-02-27 11:20:15-05:00,113.51000213623047,113.5999984741211,111.48999786376953,112.44999694824219,853893,112.44999694824219,0.0,0.0,115.00255493164063,109.16308990478515,101.86757202148438,-2.2195663260835596,3.01100586867224,7.161766731577851,2.3389632415179973
rl,2023-02-27 11:20:44-05:00,120.02999877929688,120.58000183105469,119.30500030517578,119.54000091552734,94070,119.54000091552734,0.0,0.0,122.22800048828125,116.31152694702149,107.43893936157227,-2.1991684082336147,2.7757128233527393,8.258260587988163,2.605300347603431
kmb,2023-02-27 11:20:43-05:00,126.68000030517578,127.22000122070312,126.2594985961914,126.61499786376953,196643,126.61499786376953,0.0,0.0,129.45379913330078,132.89650039672853,128.454517288208,-2.1929068814798427,-4.7266124496936905,3.458020163319162,-4.333843161155109
ipg,2023-02-27 11:20:41-05:00,36.5,36.525001525878906,36.244998931884766,36.33000183105469,770906,36.33000183105469,0.0,0.0,37.1436003112793,35.711600112915036,33.07606187820434,-2.1904136201291973,1.7316550257741248,7.96811375071044,2.493552603673973
duk,2023-02-27 11:20:29-05:00,97.0199966430664,97.91000366210938,96.93000030517578,96.97000122070312,510872,96.97000122070312,0.0,0.0,99.13966400146484,100.65530502319336,96.80424644470214,-2.1884911580189077,-3.661311047282662,3.9781917838605088,-3.6114986341984663
pfg,2023-02-27 11:20:45-05:00,89.4800033569336,89.79000091552734,88.97160339355469,89.05999755859375,136851,89.05999755859375,0.0,0.0,91.04039978027343,88.67599990844727,87.14335250854492,-2.1753004451423714,0.43303447442705817,1.7587657070595946,-0.15325807949832573
fslr,2023-02-27 11:20:52-05:00,163.4499969482422,166.74000549316406,162.22999572753906,164.91000366210938,432801,164.91000366210938,0.0,0.0,168.5436004638672,164.3370004272461,155.5647003173828,-2.1558794233405485,0.34867572936926894,5.639004280512266,-0.2804804022398552
msft,2023-02-27 11:21:00-05:00,252.4600067138672,252.7899932861328,249.9199981689453,249.92999267578125,7288764,249.92999267578125,0.0,0.0,255.42578186035155,246.2270477294922,242.32556381225587,-2.151618816449391,1.5038741602251382,1.6100174723039322,2.1757395102717476
swks,2023-02-27 11:20:09-05:00,112.87999725341797,113.31999969482422,111.73999786376953,111.92500305175781,292338,111.92500305175781,0.0,0.0,114.37180023193359,104.54570022583007,96.74266059875488,-2.139336073414897,7.058446985373518,8.065769102049714,7.912247922451945
czr,2023-02-27 11:20:43-05:00,50.90999984741211,51.86000061035156,50.400001525878906,51.5099983215332,542713,51.5099983215332,0.0,0.0,52.6147998046875,48.77959976196289,46.79519981384277,-2.099792239551331,5.5974189474580465,4.240605780110599,6.352718468087252
ame,2023-02-27 11:20:35-05:00,142.22999572753906,142.55999755859375,141.22999572753906,141.22999572753906,274066,141.22999572753906,0.0,0.0,144.24920043945312,142.5522006225586,136.82945442199707,-2.0930477969486785,-0.9275233137371072,4.182393494687144,-0.35734867300439993
para,2023-02-27 11:21:04-05:00,22.440000534057617,22.700000762939453,22.190000534057617,22.46500015258789,3191167,22.46500015258789,0.0,0.0,22.942200088500975,20.639299964904787,19.550925035476684,-2.0800094763024286,8.845746661890363,5.5668717845992495,11.667651038664875
xom,2023-02-27 11:20:48-05:00,110.80000305175781,111.13999938964844,109.97000122070312,110.94000244140625,3831008,110.94000244140625,0.0,0.0,113.2862777709961,110.76130584716798,108.41749786376953,-2.07110285177941,0.16133485685411322,2.1618355243205554,0.11849938857342106
swk,2023-02-27 11:20:51-05:00,86.25,86.6500015258789,85.55000305175781,86.39070129394531,374245,86.39070129394531,0.0,0.0,88.18602813720703,83.90541427612305,80.98635604858399,-2.035840462695976,2.962010305608486,3.6043827256382737,1.9142738302718552
pcar,2023-02-27 11:21:02-05:00,72.79000091552734,72.79000091552734,71.6259994506836,71.69999694824219,919971,71.69999694824219,0.0,0.0,73.18300201416015,69.70263488769531,66.3983236694336,-2.0264337689112817,2.865547426958853,4.976497953039217,4.934982298940147
cb,2023-02-27 11:20:38-05:00,211.8300018310547,213.57000732421875,211.360107421875,212.14959716796875,444481,212.14959716796875,0.0,0.0,216.50158569335937,218.53979309082033,212.00192153930664,-2.0101416400499414,-2.9240422682179212,3.083873723428267,-3.982396836976843
lvs,2023-02-27 11:20:55-05:00,56.540000915527344,56.72999954223633,55.70100021362305,56.01499938964844,885252,56.01499938964844,0.0,0.0,57.15979995727539,53.734500122070315,47.541749992370605,-2.0028071625209383,4.2440131803542265,13.025919598444545,5.715919591433978
xyl,2023-02-27 11:21:12-05:00,103.44999694824219,103.41999816894531,102.1500015258789,102.18000030517578,457701,102.18000030517578,0.0,0.0,104.2569955444336,107.67233047485351,105.47316146850586,-1.992187889562395,-5.100967115186982,2.085050808877398,-4.859860149695516
mktx,2023-02-27 11:17:26-05:00,349.7099914550781,352.9949951171875,344.8800048828125,348.6700134277344,57747,348.6700134277344,0.0,0.0,355.65658203125,326.7980419921875,289.4367658996582,-1.9644142570379226,6.692809816794969,12.908268918911872,7.9228200807743026
cmi,2023-02-27 11:19:59-05:00,246.10000610351562,246.83999633789062,242.55499267578125,243.14999389648438,293378,243.14999389648438,0.0,0.0,248.01422912597656,244.25093353271484,239.8588073730469,-1.9612726441681043,-0.4507412194119638,1.831129824987823,1.0489036383320491
low,2023-02-27 11:20:57-05:00,204.3300018310547,206.47999572753906,203.8000030517578,204.9499969482422,876472,204.9499969482422,0.0,0.0,209.0311993408203,205.9084780883789,201.94919082641601,-1.9524369593860575,-0.465488914800933,1.960536333797971,-1.6372405669174355
so,2023-02-27 11:20:34-05:00,64.76000213623047,65.56999969482422,64.66500091552734,64.94499969482422,1357759,64.94499969482422,0.0,0.0,66.23345184326172,68.00534439086914,66.36655006408691,-1.94531934027319,-4.500153220981003,2.469307693709752,-4.677779445588565
glw,2023-02-27 11:20:42-05:00,34.459999084472656,34.80500030517578,34.459999084472656,34.71500015258789,865392,34.71500015258789,0.0,0.0,35.39980010986328,34.59770000457764,33.5067041015625,-1.9344740793736437,0.33904030613229,3.2560525789352868,-0.021422456835167424
all,2023-02-27 11:20:20-05:00,131.1300048828125,131.66000366210938,129.5399932861328,129.6300048828125,257102,129.6300048828125,0.0,0.0,132.180400390625,133.65159957885743,131.52388008117677,-1.9294808460826836,-3.009013516274527,1.617743862458609,-1.0759212687659905
t,2023-02-27 11:20:41-05:00,19.299999237060547,19.339500427246094,19.1299991607666,19.157400131225586,5301319,19.157400131225586,0.0,0.0,19.52709602355957,19.080686225891114,18.325103063583374,-1.893245631034652,0.4020500333493083,4.123213712283428,1.0527502667215725
vtr,2023-02-27 11:20:34-05:00,50.310001373291016,50.560001373291016,50.029998779296875,50.064998626708984,210921,50.064998626708984,0.0,0.0,51.02899978637695,48.80384696960449,44.92578536987305,-1.8891241523517417,2.5841234562716933,8.632150930258527,2.7434667345009465
lh,2023-02-27 11:20:02-05:00,244.7899932861328,244.63999938964844,243.0,244.0399932861328,153759,244.0399932861328,0.0,0.0,248.68244018554688,243.89096862792968,234.88755126953126,-1.8668173337652014,0.06110298345260906,3.833075575838877,0.28981864380963546
vtrs,2023-02-27 11:20:57-05:00,11.380000114440918,11.800000190734863,11.229999542236328,11.604999542236328,4061060,11.604999542236328,0.0,0.0,11.82340000152588,11.596100063323975,10.937277870178223,-1.8471882813857718,0.07674544772599932,6.02363952864459,-0.4338801307505764
spg,2023-02-27 11:18:53-05:00,123.41999816894531,124.13999938964844,122.97000122070312,123.16999816894531,221349,123.16999816894531,0.0,0.0,125.47079986572265,122.3200001525879,115.46381210327148,-1.8337347807136257,0.6948970040035065,5.937953999980706,-0.30362170195155247
yum,2023-02-27 11:20:53-05:00,127.66000366210938,127.66000366210938,126.52999877929688,126.69999694824219,362936,126.69999694824219,0.0,0.0,129.06493927001952,128.73912506103517,123.60445266723633,-1.8323661988710878,-1.5839226123575332,4.154116039510507,-0.29116492656650095
abc,2023-02-27 11:20:34-05:00,158.86000061035156,159.3300018310547,156.84500122070312,156.89999389648438,137229,156.89999389648438,0.0,0.0,159.8248797607422,162.53758758544922,158.9505128479004,-1.8300566649174836,-3.468486134630888,2.256724230252271,-2.242846120605011
frt,2023-02-27 11:19:53-05:00,108.19999694824219,109.16999816894531,107.87999725341797,107.93000030517578,62817,107.93000030517578,0.0,0.0,109.90239990234375,106.88449813842773,103.4961148071289,-1.7946829176802186,0.9781607108207638,3.2739232169374453,0.030050785626818954
tfc,2023-02-27 11:20:48-05:00,47.540000915527344,47.849998474121094,47.439998626708984,47.49700164794922,928383,47.49700164794922,0.0,0.0,48.35182968139648,46.060630264282224,44.79699542999268,-1.7679331662937257,3.118436233776051,2.8208026501784387,2.664459418658894
cfg,2023-02-27 11:20:41-05:00,42.18000030517578,42.519100189208984,42.119998931884766,42.220001220703125,648775,42.220001220703125,0.0,0.0,42.94958343505859,41.24886367797851,39.95257068634033,-1.6986945064522534,2.354337686259883,3.244579683783355,1.9760492397387484
amcr,2023-02-27 11:20:21-05:00,11.420000076293945,11.510000228881836,11.359999656677246,11.425000190734863,1800450,11.425000190734863,0.0,0.0,11.61939998626709,11.839899997711182,11.666842041015625,-1.673062255899509,-3.5042509400968314,1.4833316169633464,-5.390873241477394
cnp,2023-02-27 11:20:34-05:00,28.799999237060547,29.05500030517578,28.670000076293945,28.780000686645508,684363,28.780000686645508,0.0,0.0,29.268857727050783,29.727448883056642,29.097486724853514,-1.6702293098150696,-3.187115719677979,2.165005397751579,-3.429759073991449
jnpr,2023-02-27 11:20:57-05:00,31.049999237060547,31.155000686645508,30.889999389648438,30.924999237060547,531281,30.924999237060547,0.0,0.0,31.44459976196289,31.653499946594238,30.735926151275635,-1.6524316697803274,-2.3014854937457683,2.98534617373331,-1.725219272443227
gm,2023-02-27 11:20:52-05:00,39.529998779296875,40.0099983215332,39.349998474121094,39.40999984741211,9755603,39.40999984741211,0.0,0.0,40.07,37.80319984436035,37.63010757446289,-1.6471179251008008,4.2504338512801025,0.4599834575411259,5.842678039513263
dd,2023-02-27 11:20:42-05:00,73.31999969482422,73.63999938964844,72.96440124511719,73.27999877929688,434828,73.27999877929688,0.0,0.0,74.50240051269532,72.61280059814453,67.58244964599609,-1.6407548280140893,0.9188437515924605,7.4432799913260626,0.6736716888031934
bkr,2023-02-27 11:20:24-05:00,30.53499984741211,30.959999084472656,30.360000610351562,30.8799991607666,964099,30.8799991607666,0.0,0.0,31.385969772338868,30.433418960571288,28.783012714385986,-1.6120916933342266,1.4674006912397546,5.733959341095712,0.13991748524571673
avb,2023-02-27 11:19:57-05:00,176.9600067138672,177.27000427246094,174.99000549316406,175.08999633789062,71801,175.08999633789062,0.0,0.0,177.76680053710936,171.02355072021484,170.39435623168944,-1.505795340373438,2.377710906217977,0.3692578219374052,3.0909830621124272
aes,2023-02-27 11:20:37-05:00,25.690000534057617,26.40999984741211,24.670000076293945,25.920000076293945,3445234,25.920000076293945,0.0,0.0,26.316143951416016,27.007205810546875,26.702463130950928,-1.505326448485077,-4.025613541362183,1.1412530675595924,-5.959883237803228
cms,2023-02-27 11:18:36-05:00,60.650001525878906,61.21989822387695,60.45000076293945,60.619998931884766,175852,60.619998931884766,0.0,0.0,61.53763122558594,62.193280715942386,59.846505088806154,-1.4911725970362735,-2.529665208116817,3.921324434323867,-2.635794749877243
amp,2023-02-27 11:18:57-05:00,343.32000732421875,344.4849853515625,341.3399963378906,341.3399963378906,78160,341.3399963378906,0.0,0.0,346.5058386230469,331.46779663085937,317.1762126159668,-1.4908384533098795,2.978328455245225,4.505881414315473,2.7893066746900272
mar,2023-02-27 11:20:41-05:00,171.75999450683594,172.0800018310547,170.33999633789062,170.5800018310547,389487,170.5800018310547,0.0,0.0,173.15764099121094,163.20253204345704,158.8219549560547,-1.488608383321119,4.520438313808268,2.758168471490248,4.793454039598261
mas,2023-02-27 11:20:58-05:00,52.599998474121094,53.34000015258789,52.529998779296875,52.58000183105469,297022,52.58000183105469,0.0,0.0,53.374365234375,50.92472030639649,49.450735626220705,-1.488286370867625,3.2504479449252575,2.980713353421214,3.8788260165184085
nue,2023-02-27 11:20:37-05:00,165.0399932861328,166.07000732421875,163.5500030517578,164.0,411895,164.0,0.0,0.0,166.3859991455078,154.06323211669923,144.96703788757324,-1.4340143748640817,6.449798402109278,6.2746637867984765,6.460145030227098
irm,2023-02-27 11:20:45-05:00,52.97999954223633,53.22010040283203,52.70500183105469,52.7400016784668,253394,52.7400016784668,0.0,0.0,53.50639999389649,52.29999992370605,51.08644798278809,-1.4323488695130182,0.8413035476149274,2.375487020210983,-1.0629626080084666
dfs,2023-02-27 11:20:43-05:00,113.33999633789062,113.56999969482422,111.80750274658203,112.12000274658203,324389,112.12000274658203,0.0,0.0,113.72201629638671,106.92622497558594,103.74179954528809,-1.4087101178627115,4.857346990583431,3.0695683362497497,3.7367761035029448
amd,2023-02-27 11:20:39-05:00,79.63999938964844,80.10099792480469,78.79000091552734,79.13200378417969,18763541,79.13200378417969,0.0,0.0,80.22007995605469,73.37043983459472,69.78771991729737,-1.3563638586137792,7.852704662223308,5.133739748974593,6.872703201639982
usb,2023-02-27 11:21:07-05:00,47.93000030517578,48.2400016784668,47.810001373291016,47.959999084472656,1057388,47.959999084472656,0.0,0.0,48.619199981689455,46.58263603210449,44.45110012054443,-1.355844805066849,2.9568164657296263,4.795237701158498,2.821444865501742
slb,2023-02-27 11:21:07-05:00,54.029998779296875,54.31999969482422,53.400001525878906,54.18000030517578,1794736,54.18000030517578,0.0,0.0,54.85847763061523,54.23361961364746,51.697778968811036,-1.2367775314654557,-0.09886728721714992,4.905124930736935,-1.129298400220179
aee,2023-02-27 11:18:06-05:00,84.66000366210938,85.47000122070312,84.47000122070312,84.91999816894531,197368,84.91999816894531,0.0,0.0,85.94640045166015,87.26820037841797,84.85906684875488,-1.19423533425595,-2.6907879379776767,2.838981877984725,-2.6537450655477355
psa,2023-02-27 11:21:03-05:00,295.7300109863281,298.1700134277344,294.2099914550781,296.05999755859375,252839,296.05999755859375,0.0,0.0,299.6256005859375,292.2163989257813,291.70375091552734,-1.1900194844402383,1.315326123702144,0.1757426871080567,0.8655856697797333
ball,2023-02-27 11:20:04-05:00,57.34000015258789,57.56999969482422,56.76499938964844,56.76499938964844,243049,56.76499938964844,0.0,0.0,57.42579956054688,55.529899978637694,53.63733257293701,-1.1507026039780706,2.224206079041895,3.528451760957975,3.155270129791088
iex,2023-02-27 11:19:33-05:00,224.57000732421875,227.5399932861328,225.67999267578125,225.8000030517578,37879,225.8000030517578,0.0,0.0,228.42399963378907,229.62488311767578,225.65442642211914,-1.1487394434201585,-1.6657080077675344,1.7595297191863293,-2.1476701053583676
tel,2023-02-27 11:20:44-05:00,126.69000244140625,127.81999969482422,126.27999877929688,127.37999725341797,412981,127.37999725341797,0.0,0.0,128.8149884033203,123.49062377929687,121.11205879211425,-1.113993928570937,3.149529377284716,1.9639373741184265,2.7579947596617815
aig,2023-02-27 11:20:34-05:00,60.58000183105469,61.060001373291016,60.310001373291016,60.76499938964844,931119,60.76499938964844,0.0,0.0,61.44459991455078,62.27410018920899,59.621217231750485,-1.1060378387155936,-2.4233201202031185,4.449561885237299,-3.2786526381573986
mcd,2023-02-27 11:20:58-05:00,265.0299987792969,266.29998779296875,264.0899963378906,264.239990234375,545124,264.239990234375,0.0,0.0,267.17079956054687,267.21699890136716,264.7910188293457,-1.096979659076733,-1.1140790740229107,0.9161866904500101,-0.45499603248547754
ftv,2023-02-27 11:20:48-05:00,67.75,67.94000244140625,67.0199966430664,67.0250015258789,285830,67.0250015258789,0.0,0.0,67.75932464599609,66.4267739868164,65.3158289718628,-1.0837226078530184,0.9005819538688351,1.7008817501683715,0.5869237429275769
avgo,2023-02-27 11:20:42-05:00,585.8699951171875,589.7999877929688,584.3400268554688,587.1300048828125,458272,587.1300048828125,0.0,0.0,593.53080078125,578.4803857421875,531.8911657714843,-1.0784269139886802,1.4952311874027577,8.75916408634605,0.6903131606352577
sre,2023-02-27 11:20:24-05:00,155.91000366210938,157.94000244140625,155.88999938964844,156.0449981689453,225874,156.0449981689453,0.0,0.0,157.72980102539063,157.55553131103517,155.21541076660156,-1.0681575995737824,-0.958730632635084,1.5076599242793343,-1.474037148526847
itw,2023-02-27 11:20:19-05:00,234.9499969482422,235.77200317382812,233.4199981689453,233.52000427246094,126471,233.52000427246094,0.0,0.0,236.00159912109376,229.54575073242188,220.00733352661132,-1.051516115939326,1.7313557438367864,4.335499663994986,1.8808144281528203
csx,2023-02-27 11:20:48-05:00,31.31999969482422,31.78499984741211,30.770000457763672,30.934999465942383,6442239,30.934999465942383,0.0,0.0,31.25819984436035,31.455099792480468,30.605173530578615,-1.0339699023847695,-1.6534690081079253,2.777067285871339,-2.9530511242867092
wec,2023-02-27 11:20:41-05:00,91.4000015258789,92.20999908447266,91.12000274658203,91.16000366210938,220909,91.16000366210938,0.0,0.0,92.09951477050781,93.16938110351562,91.87270378112792,-1.0201042977690973,-2.1566929152118437,1.4113847410835119,-2.3737645770483464
avy,2023-02-27 11:20:35-05:00,183.85000610351562,185.4250030517578,182.47999572753906,182.73500061035156,123517,182.73500061035156,0.0,0.0,184.56819946289062,184.74409912109374,181.02458984375,-0.9932365693948484,-1.0875034820058198,2.0546983592418093,-1.7333914188486212
syf,2023-02-27 11:21:04-05:00,36.13999938964844,36.22999954223633,35.64500045776367,35.775001525878906,1018350,35.775001525878906,0.0,0.0,36.1259375,34.482224235534666,34.4280654335022,-0.9714238533493917,3.749112242626176,0.1573100357238366,3.287490124400283
mnst,2023-02-27 11:20:38-05:00,101.98999786376953,102.61000061035156,101.63999938964844,101.9800033569336,338764,101.9800033569336,0.0,0.0,102.94760070800781,102.06080032348633,99.01370040893555,-0.9398930566809736,-0.0791655231946544,3.077452819120976,0.11295194762514471
dov,2023-02-27 11:20:05-05:00,149.27999877929688,150.36000061035156,148.9600067138672,149.88999938964844,170926,149.88999938964844,0.0,0.0,151.2743994140625,144.26239959716796,138.24326622009278,-0.915158169377174,3.9009470299916997,4.354015599929696,3.45934716567571
evrg,2023-02-27 11:20:34-05:00,60.61000061035156,61.189998626708984,60.19499969482422,60.86000061035156,229602,60.86000061035156,0.0,0.0,61.41559982299805,62.10459983825684,60.54899471282959,-0.9046548665937338,-2.004037110208695,2.5691675523353243,-2.1359012115083074
odfl,2023-02-27 11:19:57-05:00,345.0199890136719,346.04998779296875,342.489990234375,344.0950012207031,90390,344.0950012207031,0.0,0.0,347.19780029296874,322.37329956054685,302.6920315551758,-0.8936689891604845,6.7380585457191655,6.5020766831067025,6.887488433795243
pnc,2023-02-27 11:20:58-05:00,160.07000732421875,161.14999389648438,159.3000030517578,159.3800048828125,319821,159.3800048828125,0.0,0.0,160.80599914550783,158.5296026611328,157.6279098510742,-0.8867792683561468,0.5364311821921932,0.5720388038580888,-0.4917206220524813
vlo,2023-02-27 11:21:05-05:00,133.10000610351562,135.24000549316406,132.52999877929688,134.97000122070312,881616,134.97000122070312,0.0,0.0,136.13495025634765,131.32563751220704,128.17379455566407,-0.8557310473547602,2.7750588365941375,2.4590385011767464,1.4445465951216812
trv,2023-02-27 11:20:28-05:00,185.75999450683594,187.1300048828125,185.17999267578125,185.17999267578125,261755,185.17999267578125,0.0,0.0,186.70399963378907,187.26399963378907,182.54773269653322,-0.8162690467248068,-1.1128711135526717,2.583580123175871,-0.9892726239103602
tmus,2023-02-27 11:21:06-05:00,144.5399932861328,146.0,144.10000610351562,145.0500030517578,1267556,145.0500030517578,0.0,0.0,146.18800048828126,144.87759979248048,144.69490005493165,-0.7784479114034213,0.11899925145383271,0.12626549897713787,0.6770933268125233
dte,2023-02-27 11:20:30-05:00,113.55000305175781,114.08999633789062,112.80999755859375,112.82499694824219,168458,112.82499694824219,0.0,0.0,113.6897998046875,115.66174133300781,113.5075072479248,-0.7606688180742598,-2.452621197011208,1.897878067551685,-2.632443185905981
orcl,2023-02-27 11:20:59-05:00,88.86000061035156,88.94999694824219,87.625,87.66000366210938,1594349,87.66000366210938,0.0,0.0,88.32039978027343,85.98984603881836,80.38348205566406,-0.7477277274638872,1.942273070865902,6.97452242647562,2.1028337326237247
pg,2023-02-27 11:20:58-05:00,139.61000061035156,140.46499633789062,139.17999267578125,139.25999450683594,1385846,139.25999450683594,0.0,0.0,140.29640075683594,145.06471405029296,140.80876907348633,-0.7387261857104342,-4.001468986761707,3.0224999513954325,-3.935728838577057
wmt,2023-02-27 11:21:12-05:00,142.7100067138672,143.08999633789062,142.02000427246094,142.31500244140625,1657342,142.31500244140625,0.0,0.0,143.3510009765625,143.4988998413086,142.70459060668946,-0.7227005937165529,-0.8250219348103632,0.5566108498978454,-0.0031560397344922776
ce,2023-02-27 11:19:58-05:00,120.0,122.76000213623047,118.70999908447266,119.55999755859375,363302,119.55999755859375,0.0,0.0,120.43000823974609,114.74252578735351,106.21434341430664,-0.7224201790473707,4.198505949022083,8.029219123241468,1.4285392567845236
ms,2023-02-27 11:20:56-05:00,98.41000366210938,98.5999984741211,96.87999725341797,97.26000213623047,1861173,97.26000213623047,0.0,0.0,97.96665130615234,92.89057815551757,88.50869705200195,-0.7213160402038735,4.703839794599618,4.950791559999032,5.346288705066049
ed,2023-02-27 11:20:23-05:00,91.91999816894531,92.6500015258789,91.58000183105469,91.88999938964844,356603,91.88999938964844,0.0,0.0,92.54601348876953,93.85582550048828,91.24075050354004,-0.7088518180209908,-2.094516883056572,2.8661261360917627,-2.2315620521934525
gpn,2023-02-27 11:20:30-05:00,113.33999633789062,114.25,113.0,113.05999755859375,865386,113.05999755859375,0.0,0.0,113.82319946289063,107.6997998046875,106.74893432617188,-0.6705152446059135,4.976980239171209,0.89074938735243,5.6798743177969016
ctas,2023-02-27 11:17:30-05:00,438.8900146484375,439.6724853515625,434.6650085449219,437.1756896972656,47142,437.1756896972656,0.0,0.0,439.7979895019531,442.9290057373047,434.87203308105467,-0.5962509759667378,-1.2989251021079622,1.8527226501935816,-1.6282295980895622
well,2023-02-27 11:19:58-05:00,75.05000305175781,75.61000061035156,74.78500366210938,74.90499877929688,204527,74.90499877929688,0.0,0.0,75.3529995727539,71.59469970703125,67.65091705322266,-0.5945361113653856,4.623665000078938,5.829607085305178,6.246460355432328
hlt,2023-02-27 11:20:34-05:00,145.9499969482422,146.36500549316406,145.0540008544922,145.19000244140625,280683,145.19000244140625,0.0,0.0,146.05440002441406,138.24280029296875,135.47114311218263,-0.591832620491628,5.025362719588113,2.0459391698576965,4.860089826517823
mdt,2023-02-27 11:20:57-05:00,83.62999725341797,84.05999755859375,83.30999755859375,83.66000366210938,1495179,83.66000366210938,0.0,0.0,84.15200012207032,81.32407043457032,81.25155616760254,-0.5846521285854853,2.872376179717228,0.08924661925021189,3.976622503250254
hpq,2023-02-27 11:20:53-05:00,29.100000381469727,29.6299991607666,29.34000015258789,29.434999465942383,1545432,29.434999465942383,0.0,0.0,29.60220001220703,28.50650001525879,28.08281080245972,-0.5648247299041981,3.2571499489119695,1.5087136960021181,2.743272587360696
vici,2023-02-27 11:20:51-05:00,33.720001220703125,34.17499923706055,33.540000915527344,33.90999984741211,1489937,33.90999984741211,0.0,0.0,34.09559982299805,33.411910133361815,32.50153972625733,-0.544351695085144,1.4907549794734776,2.8010070131201132,0.4504732401443519
stld,2023-02-27 11:21:07-05:00,120.83999633789062,122.5,119.43000030517578,120.44000244140625,378811,120.44000244140625,0.0,0.0,121.08959991455077,112.36972457885742,103.63340873718262,-0.5364601696619078,7.1818969858606145,8.430018801977603,7.21134593142539
pkg,2023-02-27 11:19:47-05:00,139.24000549316406,140.07000732421875,138.27000427246094,138.54200744628906,90586,138.54200744628906,0.0,0.0,139.2616796875,135.01417922973633,129.20360038757323,-0.5167769359280008,2.612931646645706,4.497226721804229,1.1984424306400785
aep,2023-02-27 11:20:34-05:00,90.98999786376953,91.53990173339844,90.62000274658203,90.91999816894531,592458,90.91999816894531,0.0,0.0,91.37379669189453,92.85630416870117,90.82987518310547,-0.496639670648017,-2.085271449354674,2.231015931168669,-2.5443694784154096
mchp,2023-02-27 11:20:55-05:00,81.41000366210938,81.61000061035156,80.41999816894531,80.80999755859375,781813,80.80999755859375,0.0,0.0,81.21271270751953,76.55167373657227,72.24688343048096,-0.49587698218642484,5.562678925447299,5.958444297785605,5.27269803821594
rf,2023-02-27 11:20:47-05:00,23.399999618530273,23.524999618530273,23.290000915527344,23.37700080871582,727691,23.37700080871582,0.0,0.0,23.493080291748047,22.549540176391602,22.108572559356688,-0.4941007377095615,3.6695233066904565,1.9945548987887511,2.9182487313875507
fitb,2023-02-27 11:20:51-05:00,36.720001220703125,36.78499984741211,36.435001373291016,36.470001220703125,587325,36.470001220703125,0.0,0.0,36.64879974365235,34.8226082611084,34.54503978729248,-0.48787006450379167,4.730814381398923,0.8034973342772733,4.282760005790546
cbre,2023-02-27 11:20:42-05:00,86.51000213623047,86.93000030517578,85.47000122070312,85.83499908447266,214778,85.83499908447266,0.0,0.0,86.25059997558594,82.9747004699707,78.1338501739502,-0.4818527537558297,3.4471936605991425,6.195586529069374,3.910837440243621
syk,2023-02-27 11:20:24-05:00,264.2200012207031,265.3399963378906,262.2300109863281,262.80999755859375,174993,262.80999755859375,0.0,0.0,263.8472003173828,256.5818841552734,239.62762680053712,-0.3931073581760289,2.4273394919616806,7.075251539693632,2.429776951009475
sjm,2023-02-27 11:20:36-05:00,148.83999633789062,149.22999572753906,147.97999572753906,148.3000030517578,266079,148.3000030517578,0.0,0.0,148.8684539794922,152.22800842285156,148.95214477539062,-0.38184780760380815,-2.5803434018414824,2.199272559922323,-2.206764214453836
tgt,2023-02-27 11:21:04-05:00,168.6699981689453,169.8699951171875,167.97000122070312,169.37060546875,994086,169.37060546875,0.0,0.0,170.01460083007814,160.70783386230468,159.38384307861327,-0.3787882677040083,5.39038539581563,0.830693223426906,4.207652693439824
vmc,2023-02-27 11:21:12-05:00,185.44000244140625,186.0,181.8300018310547,182.48500061035156,154484,182.48500061035156,0.0,0.0,183.17660034179687,180.6143005371094,175.13043869018554,-0.3775589950653212,1.0357430544974031,3.131301381951694,0.7410721083516372
oke,2023-02-27 11:20:42-05:00,67.77999877929688,68.3207015991211,67.4800033569336,68.11000061035156,440569,68.11000061035156,0.0,0.0,68.35698608398438,67.0462311553955,63.3279369354248,-0.3613170910276366,1.5866208086932163,5.871491161574123,0.4528434936800224
fe,2023-02-27 11:20:34-05:00,40.04999923706055,40.479000091552734,39.970001220703125,40.13999938964844,518965,40.13999938964844,0.0,0.0,40.27701644897461,40.980183334350585,39.45522666931152,-0.34018671541808626,-2.0502200730709874,3.8650308052220175,-2.654746547962801
cl,2023-02-27 11:20:34-05:00,73.41999816894531,74.12999725341797,73.25,73.68000030517578,850715,73.68000030517578,0.0,0.0,73.91479949951172,75.85484985351563,74.70938865661621,-0.31766195122735297,-2.867119969968608,1.5332225540811963,-2.896675992012479
ko,2023-02-27 11:20:46-05:00,60.18000030517578,60.295501708984375,59.97999954223633,59.9900016784668,2323253,59.9900016784668,0.0,0.0,60.17720001220703,61.36720016479492,60.3674617767334,-0.31107850432100637,-2.2441931237368005,1.6560881617965233,-2.568656978219696
rop,2023-02-27 11:20:30-05:00,431.55999755859375,433.5799865722656,429.5199890136719,429.6300048828125,57670,429.6300048828125,0.0,0.0,430.80919921875,433.46140563964843,420.6633746337891,-0.2737161458195189,-0.8839081650607459,3.0423449669229568,-1.628181021478024
lyb,2023-02-27 11:20:32-05:00,97.44999694824219,97.88999938964844,96.62000274658203,96.69999694824219,360449,96.69999694824219,0.0,0.0,96.93000061035156,91.66100036621094,86.40420776367188,-0.2372884150016245,5.497426999377124,6.083954402911904,4.867786221373495
j,2023-02-27 11:19:05-05:00,121.83999633789062,122.44000244140625,121.28150177001953,121.73999786376953,95881,121.73999786376953,0.0,0.0,121.98875518798827,122.08598068237305,120.17176078796386,-0.2039182413456071,-0.2833927504777543,1.5929032593495212,-1.5818037396931544
cah,2023-02-27 11:20:37-05:00,77.77999877929688,78.04000091552734,77.37000274658203,77.52999877929688,703578,77.52999877929688,0.0,0.0,77.67719970703125,77.66857650756836,76.30064727783203,-0.1895033913291933,-0.1784218721428246,1.7928147119844473,0.003259273978810662
chrw,2023-02-27 11:19:56-05:00,101.05000305175781,101.63999938964844,100.55000305175781,101.19000244140625,229920,101.19000244140625,0.0,0.0,101.3531997680664,97.12440017700196,96.14897789001465,-0.1610184256970764,4.185974129049996,1.0144905420659815,3.598019321451215
c,2023-02-27 11:20:44-05:00,50.5,51.185001373291016,50.45500183105469,50.96500015258789,4410721,50.96500015258789,0.0,0.0,51.040694122314456,48.604672775268554,46.806863975524905,-0.14830121538937388,4.856173784427448,3.8409084630914707,3.8888674165237624
intu,2023-02-27 11:20:05-05:00,421.3800048828125,422.54998779296875,412.2699890136719,416.49249267578125,835363,416.49249267578125,0.0,0.0,416.86929809570313,402.9751104736328,400.29437438964845,-0.09038934304904703,3.354396301613,0.6696911711716727,1.7963920739898256
zts,2023-02-27 11:20:02-05:00,168.0,168.41000366210938,166.8249969482422,166.94000244140625,297137,166.94000244140625,0.0,0.0,167.0055993652344,158.63157867431642,153.2924710083008,-0.039278278140052574,5.237559782562403,3.4829549232894212,6.153061228958095
